reference,title,publication_date,fiscal_year,contracting_entity,project_category,notice_type,notice_status,notice_url,classifier_confidence,matched_signals,mentions_security,mentions_privacy,mentions_accessibility,mentions_integration,mentions_data-migration,mentions_cloud,mentions_bilingual,mentions_qa-testing,mentions_support,mentions_agile,mentions_ux,mentions_ai,mentions_mobile,mentions_devops,mentions_training,mentions_open-source
cb-719-13916324,Notice of Proposed Procurement (NPP) - Application Services - A.6 One (1) Programmer / Software Developer,2026-08-07,2026-2027,Department of National Defence (DND),Custom application development,RFP against Supply Arrangement,Expired,https://canadabuys.canada.ca/en/tender-opportunities/tender-notice/cb-719-13916324,6,mobile-application | programmer,no,no,no,no,no,no,yes,no,no,no,no,no,yes,no,no,no
cb-189-58294946,TBIPS - I.10. Technical Architects,2026-07-15,2026-2027,Department of National Defence (DND),Custom application development,Request for Proposal,Expired,https://canadabuys.canada.ca/en/tender-opportunities/tender-notice/cb-189-58294946,4,digital-service,no,no,no,no,no,no,no,no,no,no,no,no,no,no,no,no
cb-330-42994613,Task-Based Informatics Professional Services (TBIPS) – Stream A.1.6: Programmer/Software Developer (Level 2) for the Department of National Defence,2026-07-13,2026-2027,Department of National Defence (DND),Custom application development,RFP against Supply Arrangement,Expired,https://canadabuys.canada.ca/en/tender-opportunities/tender-notice/cb-330-42994613,12,software-development | develop-system | programmer | power-platform,no,no,no,no,no,no,no,yes,no,no,no,no,no,no,yes,no
cb-702-62436471,NPP-Task-Based Informatics Professional Services (TBIPS) – Stream A.1.6: Programmer/Software Developer (Level 2) for the Department of National Defence,2026-07-13,2026-2027,Department of National Defence (DND),Web and digital services,RFP against Supply Arrangement,Expired,https://canadabuys.canada.ca/en/tender-opportunities/tender-notice/cb-702-62436471,12,software-development | develop-system | programmer | power-platform,no,no,no,no,no,no,yes,yes,no,no,no,no,no,no,yes,no
cb-955-77298284,THS Application Support,2026-07-08,2026-2027,"Department of Foreign Affairs, Trade and Development (GAC)",Modernization and upgrades,,Expired,https://canadabuys.canada.ca/en/tender-opportunities/tender-notice/cb-955-77298284,6,software-development | application-support,no,no,no,no,no,no,yes,yes,yes,no,no,no,no,no,no,no
WS5076442826-Doc5776741603,M7594-235713-Open-B – Application Development Professional Services (ADPS),2026-07-03,2026-2027,Department of Public Works and Government Services (PSPC),Custom application development,RFP against Supply Arrangement,Expired,https://portal.us.bn.cloud.ariba.com/dashboard/public/appext/comsapsbncdiscoveryui#/RfxEvent/preview/1110017609?anId=ANONYMOUS,16,application-development,no,no,no,no,no,no,no,no,no,no,no,no,no,no,no,no
cb-560-37603998,Legacy Application Support,2026-06-30,2026-2027,Export Development Canada (EDC),Development and support,Advance Contract Award Notice,Expired,https://canadabuys.canada.ca/en/tender-opportunities/tender-notice/cb-560-37603998,6,software-engineering | application-support,no,no,no,no,no,no,no,no,yes,no,no,no,no,no,no,no
WS5448149666-Doc5750094201,W7714-258715-2 Artificial intelligence-enabled software development applied to information technologies,2026-06-16,2026-2027,Department of Public Works and Government Services (PSPC),AI and automation,Request for Proposal,Expired,https://portal.us.bn.cloud.ariba.com/dashboard/public/appext/comsapsbncdiscoveryui#/RfxEvent/preview/1110016158?anId=ANONYMOUS,16,software-development,no,no,no,no,no,no,no,no,no,no,no,yes,no,no,no,no
cb-836-95947000,New Real Property Application Solution Application Development & Database Management Information Technology Services,2026-06-12,2026-2027,"Department of Foreign Affairs, Trade and Development (GAC)",Modernization and upgrades,Request for Proposal,Expired,https://canadabuys.canada.ca/en/tender-opportunities/tender-notice/cb-836-95947000,16,application-development,no,no,no,yes,no,no,no,no,yes,no,no,no,no,no,no,no
cb-12-13450393,TBIPS Project Manager – Level 3,2026-06-10,2026-2027,Department of Industry (ISED),Custom application development,Request for Proposal,Expired,https://canadabuys.canada.ca/en/tender-opportunities/tender-notice/cb-12-13450393,4,system-development,no,no,no,no,no,no,no,no,no,no,no,no,no,no,no,no
cb-689-45498243,TC - North American Fatigue Management Program,2026-06-09,2026-2027,Department of Transport (TC),Web and digital services,Advance Contract Award Notice,Expired,https://canadabuys.canada.ca/en/tender-opportunities/tender-notice/cb-689-45498243,4,digital-platform,no,no,yes,yes,no,no,yes,no,yes,no,no,no,no,no,yes,no
SSC-26-00034082:T,Project Management Information Solution: Next Generation 2,2026-06-08,2026-2027,Shared Services Canada,Web and digital services,Request for Proposal,Expired,https://canadabuys.canada.ca/en/tender-opportunities/tender-notice/SSC-26-00034082%3AT,14,software-development | portal,no,no,yes,no,yes,yes,yes,no,no,no,no,no,no,no,yes,no
cb-944-76015114,Security Architect for Application Development,2026-06-04,2026-2027,Department of National Defence (DND),Custom application development,Request for Proposal,Expired,https://canadabuys.canada.ca/en/tender-opportunities/tender-notice/cb-944-76015114,20,application-development | software-development,yes,no,no,no,no,no,no,no,no,no,no,no,no,no,no,no
cb-565-83420040,TBIPS-Intermediate Programmer/Software Developer (Level 2) for DMMS(DS),2026-06-03,2026-2027,Department of National Defence (DND),Web and digital services,RFP against Supply Arrangement,Expired,https://canadabuys.canada.ca/en/tender-opportunities/tender-notice/cb-565-83420040,6,digital-service | programmer,no,no,no,no,no,no,yes,no,no,no,no,no,no,no,no,no
cb-812-33709730,User Testing Experience Services,2026-05-28,2026-2027,Department of Employment and Social Development (ESDC),Web and digital services,Request for Proposal,Expired,https://canadabuys.canada.ca/en/tender-opportunities/tender-notice/cb-812-33709730,4,digital-service,no,no,no,no,no,no,no,yes,no,no,yes,no,no,no,no,no
WS5717386007-Doc5717417076,W7707-267438 SUBMARINE MANEUVERING DYNAMICS SOFTWARE MAINTENANCE AND UPGRADE,2026-05-28,2026-2027,Department of Public Works and Government Services (PSPC),Modernization and upgrades,Request for Proposal,Expired,https://portal.us.bn.cloud.ariba.com/dashboard/public/appext/comsapsbncdiscoveryui#/RfxEvent/preview/1110014565?anId=ANONYMOUS,6,software-development | upgrade,yes,no,no,no,no,no,no,no,yes,no,no,no,no,no,no,no
cb-500-6167719,NOTICE OF PROPOSED PROCUREMENT (NPP) For TASK BASED INFORMATICS PROFESSIONAL SERVICES (TBIPS),2026-05-27,2026-2027,Courts Administration Service (CAS),Custom application development,RFP against Supply Arrangement,Expired,https://canadabuys.canada.ca/en/tender-opportunities/tender-notice/cb-500-6167719,4,system-development,no,no,no,yes,no,no,yes,no,no,no,no,no,no,no,no,no
cb-130-83231413,Application/Software Architect – Level 3,2026-05-25,2026-2027,Department of Industry (ISED),Modernization and upgrades,Request for Proposal,Expired,https://canadabuys.canada.ca/en/tender-opportunities/tender-notice/cb-130-83231413,4,digital-service,no,no,no,yes,no,no,no,no,no,no,no,no,no,no,no,no
cb-808-44583043,Science Management System (SMS) Power Platform Services,2026-05-20,2026-2027,Department of Agriculture and Agri-Food (AAFC),Custom application development,Request for Proposal,Expired,https://canadabuys.canada.ca/en/tender-opportunities/tender-notice/cb-808-44583043,6,solution-development | power-platform,yes,no,no,no,no,no,no,no,no,no,no,no,no,no,no,no
cb-55-90603588,"Application Development, Digital Investment Plan",2026-05-14,2026-2027,Parks Canada Agency (PC),Modernization and upgrades,Request for Proposal,Expired,https://canadabuys.canada.ca/en/tender-opportunities/tender-notice/cb-55-90603588,20,application-development | digital-modernization | upgrade,yes,no,no,no,no,yes,no,no,no,no,no,no,no,no,no,no
cb-925-49292406,Power Platform Professional Services for the Grants and Contributions Digital Platform (GCDP),2026-05-14,2026-2027,Department of Agriculture and Agri-Food (AAFC),Web and digital services,RFP against Supply Arrangement,Expired,https://canadabuys.canada.ca/en/tender-opportunities/tender-notice/cb-925-49292406,20,digital-platform | programmer | power-platform,no,no,no,no,no,no,yes,no,no,no,no,no,no,no,no,no
cb-265-24519573,LEGACY SYSTEMS DEVELOPMENT AND SUPPORT,2026-05-05,2026-2027,Office of Infrastructure of Canada (INFC),Custom application development,Request for Proposal,Expired,https://canadabuys.canada.ca/en/tender-opportunities/tender-notice/cb-265-24519573,18,system-development | legacy-systems,no,no,no,no,no,no,no,no,no,no,no,no,no,no,no,no
cb-70-1185377,"Quality Assurance Specialist/Analyst, Level 3",2026-04-29,2026-2027,Department of Industry (ISED),Development and support,,Expired,https://canadabuys.canada.ca/en/tender-opportunities/tender-notice/cb-70-1185377,10,software-development | application-development | application-support,no,no,no,no,no,no,no,yes,yes,yes,no,no,no,no,no,no
cb-282-57685544,BSA Power Platform Services,2026-04-16,2026-2027,Department of Agriculture and Agri-Food (AAFC),Custom application development,RFP against Supply Arrangement,Expired,https://canadabuys.canada.ca/en/tender-opportunities/tender-notice/cb-282-57685544,10,application-development | solution-development | power-platform,yes,no,no,no,no,no,no,no,no,no,no,no,no,no,no,no
cb-239-36267945,MS DYNAMICS 365 – APPLICATION DEVELOPMENT RESOURCES DIGITAL PLATFORM FOR THE GRANTS AND CONTRIBUTIONS INFORMATION MANAGEMENT SYSTEM (GCIMS),2026-04-08,2026-2027,Office of Infrastructure of Canada (INFC),Web and digital services,RFP against Supply Arrangement,Cancelled,https://canadabuys.canada.ca/en/tender-opportunities/tender-notice/cb-239-36267945,34,application-development | digital-platform | power-platform,yes,no,no,no,yes,no,no,yes,no,no,no,no,no,no,no,no
cb-569-36937670,ADP SYSTEM DEVELOPMENT SERVICES,2026-03-24,2025-2026,Treasury Board (TBS),Custom application development,Request for Proposal,Expired,https://canadabuys.canada.ca/en/tender-opportunities/tender-notice/cb-569-36937670,16,system-development,no,no,no,no,no,no,no,no,no,no,no,no,no,no,no,no
cb-22-54854189,Programmer Analyst - Java Developer Level 3,2026-03-17,2025-2026,Department of Industry (ISED),Custom application development,RFP against Supply Arrangement,Expired,https://canadabuys.canada.ca/en/tender-opportunities/tender-notice/cb-22-54854189,14,develop-system | programmer,no,no,no,no,no,no,no,no,no,no,no,no,no,no,no,no
WS5562924808-Doc5592223319,Program Services and Delivery Systems,2026-03-17,2025-2026,Department of Public Works and Government Services (PSPC),Development and support,RFP against Supply Arrangement,Expired,https://portal.us.bn.cloud.ariba.com/dashboard/public/appext/comsapsbncdiscoveryui#/RfxEvent/preview/1110007950?anId=ANONYMOUS,4,application-development,no,no,no,yes,no,no,no,no,yes,no,no,no,no,no,no,no
cb-417-93153902,Request for Information and Industry Engagement Activity on Digital Modernization of Public Safety Canada’s Public Website and Internal Portal,2026-03-03,2025-2026,Department of Public Safety and Emergency Preparedness (PS),Modernization and upgrades,Request for Information,Expired,https://canadabuys.canada.ca/en/tender-opportunities/tender-notice/cb-417-93153902,8,digital-service | digital-modernization | portal,no,no,no,no,no,yes,no,no,no,no,no,no,no,no,no,no
WS5348488750-Doc5568886939,W0103-269992_B - Software Development,2026-02-20,2025-2026,Department of Public Works and Government Services (PSPC),Custom application development,Request for Proposal,Expired,https://portal.us.bn.cloud.ariba.com/dashboard/public/appext/comsapsbncdiscoveryui#/RfxEvent/preview/1110005813?anId=ANONYMOUS,26,software-development | application-development | develop-system | programmer,no,no,no,no,no,yes,no,no,no,no,no,no,no,no,no,no
cb-438-65517023,TSB - IT Cloud Modernization of Internal Application,2026-02-11,2025-2026,Canadian Transportation Accident Investigation and Safety Board (TSB),Modernization and upgrades,RFP against Supply Arrangement,Expired,https://canadabuys.canada.ca/en/tender-opportunities/tender-notice/cb-438-65517023,14,application-development | programmer,no,no,no,yes,no,yes,no,no,no,no,no,no,no,no,no,no
cb-367-17665955,"PSIB, Professional IM/IT services for IT Operations, User Experience and Accessibility, Technical Writer and tasks for the Financial Consumer Agency of Canada (FCAC) in accordance with Terms & Conditions of TBIBS SA#EN578-170432/xxx/EI.",2026-02-03,2025-2026,Financial Consumer Agency of Canada (FCAC),Custom application development,Request for Proposal,Expired,https://canadabuys.canada.ca/en/tender-opportunities/tender-notice/cb-367-17665955,4,system-development,yes,no,yes,no,no,no,yes,no,no,no,yes,no,no,no,no,no
WS5534243802-Doc5534339394,RFI - CIPO IT Modernization Phase 3 (ITM3),2026-01-30,2025-2026,Department of Public Works and Government Services (PSPC),Modernization and upgrades,Request for Information,Expired,https://portal.us.bn.cloud.ariba.com/dashboard/public/appext/comsapsbncdiscoveryui#/RfxEvent/preview/1110003831?anId=ANONYMOUS,4,digital-service,no,no,no,no,no,no,no,no,no,no,no,no,no,no,no,no
cb-564-11461787,TBIPS: Support and Expertise for IT Infrastructure and Software Development Projects,2026-01-22,2025-2026,Canada Energy Regulator (CER),Development and support,Request for Proposal,Expired,https://canadabuys.canada.ca/en/tender-opportunities/tender-notice/cb-564-11461787,18,software-development | programmer,no,no,no,no,no,no,yes,no,yes,no,no,no,no,no,no,no
cb-653-69417822,"Developement, maintenance & hosting of 3 web sites",2026-01-20,2025-2026,Old Port of Montreal Corporation Inc.,Modernization and upgrades,Request for Proposal,Expired,https://canadabuys.canada.ca/en/tender-opportunities/tender-notice/cb-653-69417822,4,web-development,no,no,yes,no,no,no,yes,no,yes,no,yes,no,no,no,no,no
cb-14-34794480,Air Force Training Information Management System (ATRIMS),2026-01-16,2025-2026,Department of National Defence (DND),Web and digital services,Request for Proposal,Expired,https://canadabuys.canada.ca/en/tender-opportunities/tender-notice/cb-14-34794480,14,develop-system | programmer,no,no,no,no,no,no,no,no,yes,no,no,no,no,no,yes,no
WS5348488750-Doc5441765281,W0103-269992 - Software Development,2026-01-16,2025-2026,Department of Public Works and Government Services (PSPC),Custom application development,Request for Proposal,Cancelled,https://portal.us.bn.cloud.ariba.com/dashboard/public/appext/comsapsbncdiscoveryui#/RfxEvent/preview/1110002618?anId=ANONYMOUS,26,software-development | application-development | develop-system | programmer,no,no,no,no,no,yes,no,no,no,no,no,no,no,no,no,no
cb-525-54210216,Programmer Analyst - ASP Developer Level 3,2026-01-06,2025-2026,Department of Industry (ISED),Development and support,RFP against Supply Arrangement,Expired,https://canadabuys.canada.ca/en/tender-opportunities/tender-notice/cb-525-54210216,14,develop-system | programmer,no,no,no,no,no,no,no,yes,yes,no,no,no,no,no,no,no
cb-966-44688146,ACCESSIBILITY TESTING,2026-01-02,2025-2026,Department of Fisheries and Oceans (DFO),Custom application development,Request for Proposal,Expired,https://canadabuys.canada.ca/en/tender-opportunities/tender-notice/cb-966-44688146,12,application-development,no,no,yes,no,no,no,no,yes,no,no,yes,no,no,no,no,no
cb-383-96285265,Programmer/Software Developer - Java Level 3,2025-12-24,2025-2026,Department of Industry (ISED),Development and support,RFP against Supply Arrangement,Expired,https://canadabuys.canada.ca/en/tender-opportunities/tender-notice/cb-383-96285265,12,application-development | web-application | programmer | application-support,no,no,no,no,no,no,no,no,yes,no,no,no,no,no,no,no
cb-385-97699591,Advancing the Digital Earth Canada Prototype Toward a Minimum Viable Product (MVP),2025-12-19,2025-2026,Canadian Space Agency (CSA),Custom application development,RFP against Supply Arrangement,Expired,https://canadabuys.canada.ca/en/tender-opportunities/tender-notice/cb-385-97699591,6,solution-development | minimum-viable-product,no,no,no,no,no,no,no,no,no,no,no,no,no,no,no,no
WS5448149666-Doc5471077534,W7714-258715 Artificial intelligence-enabled software development applied to information technologies,2025-12-05,2025-2026,Department of Public Works and Government Services (PSPC),AI and automation,Request for Proposal,Expired,https://portal.us.bn.cloud.ariba.com/dashboard/public/appext/comsapsbncdiscoveryui#/RfxEvent/preview/23611767?anId=ANONYMOUS,16,software-development,no,no,no,no,no,no,no,no,no,no,no,yes,no,no,no,no
cb-293-46496676,"Integrated Data Ecosystem for Enterprise Enablement, Digital Services and Data-Driven Transformation.",2025-12-01,2025-2026,Department of Employment and Social Development (ESDC),Custom application development,Request for Proposal,Expired,https://canadabuys.canada.ca/en/tender-opportunities/tender-notice/cb-293-46496676,16,digital-service,no,no,no,yes,no,no,no,no,no,no,no,no,no,no,no,no
MX-443766818505,IT Squad as a Service,2025-11-26,2025-2026,Business Development Bank of Canada,Modernization and upgrades,,Expired,https://www.merx.com/public/solicitations/3732378811/abstract?language=EN,4,application-development,no,no,no,no,no,no,no,no,no,no,no,no,no,no,no,no
cb-728-61666033,IT Professional Services for Digital Services Support for Canada.ca,2025-11-25,2025-2026,Department of Employment and Social Development (ESDC),Web and digital services,Request for Proposal,Expired,https://canadabuys.canada.ca/en/tender-opportunities/tender-notice/cb-728-61666033,16,digital-service,no,no,no,no,no,no,no,no,no,no,yes,no,no,no,no,no
cb-362-99710023,TSB SharePoint 2016 On-Premises to SharePoint Online (SPO),2025-11-24,2025-2026,Canadian Transportation Accident Investigation and Safety Board (TSB),Custom application development,RFP against Supply Arrangement,Expired,https://canadabuys.canada.ca/en/tender-opportunities/tender-notice/cb-362-99710023,12,application-development,no,no,no,no,no,no,no,no,no,no,no,no,no,no,no,no
cb-318-90142732,Application and Dashboard Development Services,2025-11-19,2025-2026,Department of National Defence (DND),Custom application development,RFP against Supply Arrangement,Expired,https://canadabuys.canada.ca/en/tender-opportunities/tender-notice/cb-318-90142732,6,web-application | programmer,no,no,no,yes,no,no,no,no,no,no,no,no,no,no,no,no
WS5364906893-Doc5441109928,51019-250690 - Informatics Professional Services,2025-11-18,2025-2026,Department of Public Works and Government Services (PSPC),Web and digital services,RFP against Supply Arrangement,Expired,https://discovery.ariba.com/rfx/23569118?extsite=MjM1NjkxMThfQU4wMTQ4NDA1MDk5Mg==,8,application-development | web-development,yes,no,no,no,yes,no,no,yes,no,no,no,no,no,no,no,no
WS5349506076-Doc5438042263,W8486-259859 - Maintenance of the Defence Resource Management Information System (DRMIS),2025-11-12,2025-2026,Department of Public Works and Government Services (PSPC),Development and support,RFP against Supply Arrangement,Expired,https://discovery.ariba.com/rfx/23564315?extsite=MjM1NjQzMTVfQU4wMTQ4NDA1MDk5Mg==,4,software-development,no,no,no,no,no,no,no,no,yes,no,no,no,no,no,no,no
cb-565-62899604,"TBIPS, Professional IM/IT services for IT Operations, Business Architecture, Security Governance, User Experience and Accessibility, Technical Writer, and Information Management projects and tasks for the Financial Consumer Agency of Canada (FCAC).",2025-11-05,2025-2026,Financial Consumer Agency of Canada (FCAC),Custom application development,RFP against Supply Arrangement,Cancelled,https://canadabuys.canada.ca/en/tender-opportunities/tender-notice/cb-565-62899604,4,system-development,yes,no,yes,no,no,no,yes,no,no,no,yes,no,no,no,no,no
cb-576-59303922,SOFTWARE DEVELOPMENT OF ENSEMBLE ALGORITHMS FOR EMITTER IDENTIFICATION,2025-11-04,2025-2026,Defence Research and Development Canada (DRDC),Custom application development,RFP against Supply Arrangement,Expired,https://canadabuys.canada.ca/en/tender-opportunities/tender-notice/cb-576-59303922,16,software-development,no,no,no,no,no,no,no,no,no,no,no,no,no,no,no,no
cb-502-18299786,Programmer Analyst - Salesforce Level 2,2025-10-31,2025-2026,Department of Industry (ISED),Custom application development,RFP against Supply Arrangement,Expired,https://canadabuys.canada.ca/en/tender-opportunities/tender-notice/cb-502-18299786,6,application-development | programmer,no,no,no,no,no,no,no,no,no,no,no,no,no,no,no,no
cb-757-52214471,TBIPS Quality Assurance Specialist,2025-10-24,2025-2026,"Department of Foreign Affairs, Trade and Development (GAC)",Modernization and upgrades,,Expired,https://canadabuys.canada.ca/en/tender-opportunities/tender-notice/cb-757-52214471,4,web-application,no,no,no,no,no,no,yes,yes,yes,no,no,no,no,no,no,no
cb-174-46650689,Development of Artificial Intelligence chatbots and Robotic process automations,2025-10-23,2025-2026,Department of Transport (TC),AI and automation,RFP against Supply Arrangement,Expired,https://canadabuys.canada.ca/en/tender-opportunities/tender-notice/cb-174-46650689,4,application-development,no,no,no,no,no,no,no,no,no,no,no,yes,no,no,no,no
cb-907-14095590,PSIB_Tier 1_NOTICE OF PROPOSED PROCUREMENT (NPP) for TASK BASED INFORMATICS PROFESSIONAL SERVICES (TBIPS) - NATIONAL MAINTENANCE AND APPLICATION DEVELOPMENT SERVICES,2025-10-20,2025-2026,Department of Indigenous Services (ISC),Web and digital services,RFP against Supply Arrangement,Expired,https://canadabuys.canada.ca/en/tender-opportunities/tender-notice/cb-907-14095590,16,application-development,yes,no,no,no,no,no,yes,no,yes,no,no,no,no,no,no,no
cb-971-30550153,Task Based Informatics Professional Services,2025-10-15,2025-2026,Department of Transport (TC),Modernization and upgrades,,Expired,https://canadabuys.canada.ca/en/tender-opportunities/tender-notice/cb-971-30550153,12,develop-system,no,no,no,no,no,no,no,no,no,no,no,no,no,no,no,no
cb-292-16122199,TBIPS - A.7 Programmer-Analyst,2025-10-08,2025-2026,Department of Public Works and Government Services (PSPC),Modernization and upgrades,Request for Proposal,Expired,https://canadabuys.canada.ca/en/tender-opportunities/tender-notice/cb-292-16122199,6,digital-service | programmer,no,no,no,no,no,no,no,no,yes,no,no,no,no,no,no,no
cb-605-36285468,TBIPS - Project Portfolio Management (PPM) Professional Services,2025-10-08,2025-2026,Royal Canadian Mounted Police (RCMP),Modernization and upgrades,RFP against Supply Arrangement,Expired,https://canadabuys.canada.ca/en/tender-opportunities/tender-notice/cb-605-36285468,14,application-development | programmer,no,no,no,no,no,no,yes,no,no,no,no,no,no,no,no,no
cb-107-25873462,TBIPS - Corporate Enterprise Solutions – Stream 1 Application Development Services and Stream 2 Project Management and Business Services,2025-10-03,2025-2026,"Department of Foreign Affairs, Trade and Development (GAC)",Modernization and upgrades,,Expired,https://canadabuys.canada.ca/en/tender-opportunities/tender-notice/cb-107-25873462,22,application-development | digital-service | programmer,no,no,no,no,no,no,yes,no,no,no,no,no,no,no,no,no
cb-803-54073328,Drupal Support for Transport Canada Sites.,2025-09-26,2025-2026,Department of Transport (TC),Custom application development,Request for Proposal,Expired,https://canadabuys.canada.ca/en/tender-opportunities/tender-notice/cb-803-54073328,12,develop-system,no,no,yes,yes,no,no,no,no,no,no,no,no,no,no,no,no
cb-617-94824054,Stream 1: Application Services- A.7. Programmer/Analyst Level 3,2025-08-18,2025-2026,Department of Transport (TC),Development and support,,Expired,https://canadabuys.canada.ca/en/tender-opportunities/tender-notice/cb-617-94824054,6,software-development | programmer,no,no,no,no,no,no,no,no,yes,no,no,no,no,no,no,no
cb-335-31835185,Programmer/Software Developer,2025-08-11,2025-2026,National Research Council of Canada (NRC),Custom application development,Request for Proposal,Expired,https://canadabuys.canada.ca/en/tender-opportunities/tender-notice/cb-335-31835185,6,software-engineering | programmer,no,no,no,yes,no,no,no,yes,no,no,no,no,no,no,no,no
cb-505-52839076,NPP-Microsoft Developers Programmer/Analyst Level 3,2025-08-11,2025-2026,Department of Natural Resources (NRCan),Modernization and upgrades,RFP against Supply Arrangement,Expired,https://canadabuys.canada.ca/en/tender-opportunities/tender-notice/cb-505-52839076,6,system-development | programmer,no,no,no,no,no,yes,no,no,yes,no,no,no,no,no,no,no
cb-912-13440041,"NPP-Salesforce - Developers Programmer/Analyst, Level 3",2025-08-11,2025-2026,Department of Natural Resources (NRCan),Development and support,RFP against Supply Arrangement,Expired,https://canadabuys.canada.ca/en/tender-opportunities/tender-notice/cb-912-13440041,6,system-development | programmer,no,no,no,no,no,yes,no,no,yes,no,no,no,no,no,no,no
cb-235-33496913,TSB IT Cloud Modernization of Internal Applications,2025-07-25,2025-2026,Canadian Transportation Accident Investigation and Safety Board (TSB),Modernization and upgrades,RFP against Supply Arrangement,Expired,https://canadabuys.canada.ca/en/tender-opportunities/tender-notice/cb-235-33496913,14,application-development | programmer,no,no,no,yes,no,yes,no,no,no,no,no,no,no,no,no,no
WS5076442826-Doc5265118442,M7594-235713-PSIB – Application Development Professional Services (ADPS),2025-07-18,2025-2026,Department of Public Works and Government Services (PSPC),Custom application development,RFP against Supply Arrangement,Expired,https://discovery.ariba.com/rfx/23317101?extsite=MjMzMTcxMDFfQU4wMTQ4NDA1MDk5Mg==,16,application-development,no,no,no,no,no,no,no,no,no,no,no,no,no,no,no,no
cb-235-42938135,"Development, improvements and support for operations of Natural Resources Canada’s Office of Energy Efficiency's (OEE) digital infrastructure",2025-07-08,2025-2026,Department of Natural Resources (NRCan),Development and support,RFP against Supply Arrangement,Cancelled,https://canadabuys.canada.ca/en/tender-opportunities/tender-notice/cb-235-42938135,4,system-development,no,no,no,no,no,no,no,no,yes,no,no,no,no,no,no,no
cb-491-8160409,"Support new and ongoing software systems development, upgrades, redesigns and maintenance for The Office of Energy Efficiency (OEE)",2025-07-08,2025-2026,Department of Natural Resources (NRCan),Modernization and upgrades,RFP against Supply Arrangement,Cancelled,https://canadabuys.canada.ca/en/tender-opportunities/tender-notice/cb-491-8160409,16,system-development,no,no,no,no,no,yes,no,no,yes,no,no,no,no,no,no,no
cb-11-79762245,Request for Information (RFI): Artificial intelligence enabled business support solutions,2025-06-27,2025-2026,Department of Industry (ISED),AI and automation,Request for Information,Cancelled,https://canadabuys.canada.ca/en/tender-opportunities/tender-notice/cb-11-79762245,12,develop-system,no,no,no,no,no,no,no,yes,no,no,no,yes,no,no,no,no
WS5189388702-Doc5234060637,E62ZR-250151 - TBIPS Tier 2 - IT Professional Services for GCdocs,2025-06-25,2025-2026,Department of Public Works and Government Services (PSPC),Custom application development,RFP against Supply Arrangement,Expired,https://canadabuys.canada.ca/en/tender-opportunities/tender-notice/WS5189388702-Doc5234060637,4,digital-service,no,no,no,no,no,no,no,no,no,no,no,no,no,no,no,no
cb-337-85531966,TBIPS: Project Management and Business Analysis Support – Canada Energy Regulator,2025-06-13,2025-2026,Canada Energy Regulator (CER),Custom application development,Request for Proposal,Expired,https://canadabuys.canada.ca/en/tender-opportunities/tender-notice/cb-337-85531966,4,software-development,yes,no,no,no,no,no,no,no,no,no,no,no,no,no,no,no
cb-422-54809992,Managed Web Services Professional Support,2025-06-05,2025-2026,Department of Employment and Social Development (ESDC),Web and digital services,Request for Proposal,Expired,https://canadabuys.canada.ca/en/tender-opportunities/tender-notice/cb-422-54809992,4,digital-service,no,no,no,yes,no,no,no,no,no,no,no,no,no,no,no,no
cb-314-9222558,TBIPS – APPLICATION DEVELOPMENT AND MAINTENANCE AND SUPPORT SERVICES FOR EXISTING AND NEW JAVA AND .NET APPLICATIONS,2025-06-02,2025-2026,Department of Fisheries and Oceans (DFO),Web and digital services,Request for Proposal,Expired,https://canadabuys.canada.ca/en/tender-opportunities/tender-notice/cb-314-9222558,18,application-development | portal,no,no,no,yes,no,yes,no,no,yes,no,no,no,no,no,no,no
cb-109-4784074,IT Programmer/Software Developer Support Services,2025-05-16,2025-2026,Department of National Defence (DND),Custom application development,Request for Proposal,Expired,https://canadabuys.canada.ca/en/tender-opportunities/tender-notice/cb-109-4784074,6,application-development | programmer,no,no,no,yes,no,no,no,no,no,no,no,no,no,no,no,no
cb-721-7957818,5000084655 - P.9 Project Manager – Level 3 (Senior) - TBIPS,2025-05-01,2025-2026,Canadian Nuclear Safety Commission (CNSC),Modernization and upgrades,RFP against Supply Arrangement,Expired,https://canadabuys.canada.ca/en/tender-opportunities/tender-notice/cb-721-7957818,4,system-development,no,no,no,no,no,no,no,no,no,no,no,no,no,no,no,no
cb-433-32403034,Software Developer and Project Manager for Lobbyists Registration System,2025-04-23,2025-2026,Office of the Commissioner of Lobbying (OCL),Web and digital services,Advance Contract Award Notice,Expired,https://canadabuys.canada.ca/en/tender-opportunities/tender-notice/cb-433-32403034,18,software-development | application-development | web-application | application-design | programmer,no,no,yes,yes,no,no,no,yes,yes,no,no,no,no,no,yes,no
cb-858-32273768,TBIPS: Software Development Support – Canada Energy Regulator,2025-04-23,2025-2026,Canada Energy Regulator (CER),Custom application development,RFP against Supply Arrangement,Expired,https://canadabuys.canada.ca/en/tender-opportunities/tender-notice/cb-858-32273768,18,software-development | programmer,no,no,no,no,no,no,no,no,no,no,no,no,no,no,no,no
WS5076442826-Doc5110083523,M7594-235713-A – Application Development Professional Services (ADPS),2025-04-07,2025-2026,Department of Public Works and Government Services (PSPC),Custom application development,RFP against Supply Arrangement,Expired,https://discovery.ariba.com/rfx/22988763?extsite=MjI5ODg3NjNfQU4wMTQ4NDA1MDk5Mg==,16,application-development,no,no,no,no,no,no,no,no,no,no,no,no,no,no,no,no
WS5085991807-Doc5088681106,W7701-258012 Predictive analytics for threat anticipation,2025-04-01,2025-2026,Department of Public Works and Government Services (PSPC),AI and automation,RFP against Supply Arrangement,Expired,https://discovery.ariba.com/rfx/22949911?extsite=MjI5NDk5MTFfQU4wMTQ4NDA1MDk5Mg==,4,develop-system,yes,no,no,no,no,no,no,no,no,no,no,no,no,no,no,no
MX-443452808084,VIA Rail Application Management Services,2025-03-21,2024-2025,VIA Rail Canada Inc.,Development and support,,Expired,https://www.merx.com/public/solicitations/3384487861/abstract?language=EN,4,application-development,no,no,no,no,no,no,no,yes,yes,no,no,no,no,no,no,no
cb-733-78536224,A.6 Programmer/Software Developer Level 3,2025-03-12,2024-2025,National Research Council of Canada (NRC),Custom application development,RFP against Supply Arrangement,Expired,https://canadabuys.canada.ca/en/tender-opportunities/tender-notice/cb-733-78536224,6,software-engineering | programmer,no,no,no,yes,no,no,no,yes,no,no,no,no,no,no,no,no
cb-958-7732753,NPP- TBIPS Category- A.6 Programmer/Software Developer L3-,2025-03-12,2024-2025,NSERC-SSHRC,Development and support,Not Applicable,Expired,https://canadabuys.canada.ca/en/tender-opportunities/tender-notice/cb-958-7732753,6,application-development | programmer,no,no,no,no,no,no,no,no,yes,no,no,no,no,no,no,no
WS5011068718-Doc5012213345,W7707-257353 R and D Support to Ice Trials and Platform Monitoring System Development,2025-02-11,2024-2025,Department of Public Works and Government Services (PSPC),Custom application development,Request for Proposal,Expired,https://discovery.ariba.com/rfx/22400815,16,system-development,no,no,no,no,no,no,no,no,no,no,no,no,no,no,no,no
cb-400-27431539,One (1) Web Multi-Media Content Consultant Level 2,2025-02-07,2024-2025,National Defence Headquarters,Web and digital services,RFP against Supply Arrangement,Expired,https://canadabuys.canada.ca/en/tender-opportunities/tender-notice/cb-400-27431539,12,application-development,no,no,no,no,no,no,no,yes,no,no,yes,no,no,no,no,no
cb-22-58571031,"TBIPS, Services of IM/IT consultants on as and if required basis for ServiceNow platform for the Financial Consumer Agency of Canada (FCAC)(Set Aside).",2025-01-27,2024-2025,Financial Consumer Agency of Canada (FCAC),Development and support,RFP against Supply Arrangement,Expired,https://canadabuys.canada.ca/en/tender-opportunities/tender-notice/cb-22-58571031,6,system-development | programmer,yes,no,no,no,no,no,yes,yes,yes,yes,no,no,no,no,no,no
cb-689-26558295,GRANTS AND CONTRIBUTIONS INFORMATION MANAGEMENT SYSTEM (GCIMS) TECHNOLOGY ARCHITECTS,2025-01-23,2024-2025,"Housing, Infrastructure and Communities Canada",Web and digital services,RFP against Supply Arrangement,Expired,https://canadabuys.canada.ca/en/tender-opportunities/tender-notice/cb-689-26558295,4,digital-platform,no,no,no,no,no,yes,no,no,no,no,yes,no,no,no,no,no
cb-571-90860884,Application for Modules and Interfaces (AMI) IT Support Services,2025-01-20,2024-2025,Natural Resources Canada,Modernization and upgrades,Advance Contract Award Notice,Expired,https://canadabuys.canada.ca/en/tender-opportunities/tender-notice/cb-571-90860884,10,software-development | develop-system | legacy-systems,no,no,no,no,no,no,no,no,yes,no,no,no,no,no,no,no
cb-138-21076336,EDC Technology and Digital Services Project Manager Services,2025-01-13,2024-2025,Export Development Canada,Custom application development,Request for Proposal,Expired,https://canadabuys.canada.ca/en/tender-opportunities/tender-notice/cb-138-21076336,16,digital-service,no,no,no,no,no,no,no,no,no,yes,no,no,no,no,no,no
cb-409-56270753,Data Transformation Consulting Services,2025-01-03,2024-2025,"Innovation, Science and Economic Development Canada",Web and digital services,RFP against Supply Arrangement,Expired,https://canadabuys.canada.ca/en/tender-opportunities/tender-notice/cb-409-56270753,16,develop-system | web-development,no,no,no,no,no,no,no,no,no,no,no,no,no,no,no,no
cb-459-59283392,On-demand Usability Testing with Assistive Technology for web applications,2024-12-23,2024-2025,Treasury Board of Canada Secretariat / Government of Canada,Custom application development,Request for Proposal,Expired,https://canadabuys.canada.ca/en/tender-opportunities/tender-notice/cb-459-59283392,28,web-application | application-development,no,no,no,no,no,no,no,yes,no,no,yes,no,no,no,no,no
cb-385-5156587,Elections Canada Education Websites,2024-12-17,2024-2025,Elections Canada,Web and digital services,Request for Proposal,Expired,https://canadabuys.canada.ca/en/tender-opportunities/tender-notice/cb-385-5156587,12,develop-system,no,no,no,no,no,no,no,no,yes,no,no,no,no,no,no,no
cb-70-6474572,TBIPS - Agile Software Development Capability,2024-12-17,2024-2025,RCAF Aerospace Warfare Center,Custom application development,RFP against Supply Arrangement,Expired,https://canadabuys.canada.ca/en/tender-opportunities/tender-notice/cb-70-6474572,20,software-development | system-development,no,no,no,no,no,no,no,no,no,yes,no,no,no,yes,no,no
WS4585771784-Doc4931482384,DPM P3 – Business Delivery Services,2024-12-13,2024-2025,Department of Public Works and Government Services (PSPC),Modernization and upgrades,RFP against Supply Arrangement,Expired,https://discovery.ariba.com/rfx/21890042?extsite=MjE4OTAwNDJfQU4wMTQ4NDA1MDk5Mg==,4,digital-platform,yes,no,no,no,no,no,no,no,no,no,no,no,no,no,no,no
cb-781-76966825,USABILITY AND ACCESSIBILITY TESTING SERVICES FOR FISHERIES AND OCEANS CANADA,2024-12-04,2024-2025,Fisheries and Oceans,Custom application development,Advance Contract Award Notice,Cancelled,https://canadabuys.canada.ca/en/tender-opportunities/tender-notice/cb-781-76966825,12,application-development,no,no,yes,no,no,no,no,yes,no,no,yes,no,no,no,yes,no
cb-999-54284332,"TBIPS Maintenance, Development, and Support Services for Natural Resources Canada",2024-11-27,2024-2025,Natural Resources Canada,Development and support,RFP against Supply Arrangement,Expired,https://canadabuys.canada.ca/en/tender-opportunities/tender-notice/cb-999-54284332,12,application-development,no,no,no,no,no,no,no,no,yes,no,no,no,no,no,no,no
cb-341-17567710,TBIPS – DIGITAL TRANSFORMATION USER EXPERIENCE (UX),2024-11-18,2024-2025,Fisheries and Oceans Canada,Custom application development,Request for Proposal,Cancelled,https://canadabuys.canada.ca/en/tender-opportunities/tender-notice/cb-341-17567710,12,develop-system,no,no,yes,no,no,yes,no,yes,no,no,yes,no,no,no,no,no
cb-56-67897051,TASK BASED INFORMATICS PROFESSIONAL SERVICES (TBIPS),2024-11-18,2024-2025,Royal Canadian Mounted Police,Web and digital services,Request for Proposal,Expired,https://canadabuys.canada.ca/en/tender-opportunities/tender-notice/cb-56-67897051,12,develop-system,no,no,no,no,no,no,yes,yes,no,no,no,no,no,no,no,no
cb-790-20551226,Agriculture and Agri-Food Canada Workload Migration (WLM) Services,2024-11-15,2024-2025,Agriculture and Agri-Food Canada,Modernization and upgrades,RFP against Supply Arrangement,Expired,https://canadabuys.canada.ca/en/tender-opportunities/tender-notice/cb-790-20551226,4,application-modernization,yes,no,no,no,no,no,no,no,no,no,no,no,no,no,no,no
cb-589-11427713,REQUEST FOR INFORMATION AND EXPRESSION OF INTEREST FOR REINSURANCE TECHNOLOGY SOLUTIONS,2024-11-12,2024-2025,Canada Mortgage and Housing Corporation,Custom application development,Request for Information,Expired,https://canadabuys.canada.ca/en/tender-opportunities/tender-notice/cb-589-11427713,12,application-development,no,no,no,yes,no,no,no,no,no,no,no,no,no,no,no,no
WS4617601704-Doc4859052792,REQUEST FOR PROPOSAL (RFP) FOR DIGITAL TRANSFORMATION ENABLEMENT SERVICES (DTES),2024-10-31,2024-2025,Department of Public Works and Government Services (PSPC),Modernization and upgrades,Request for Proposal,Expired,https://discovery.ariba.com/rfx/21439983?extsite=MjE0Mzk5ODNfQU4wMTQ4NDA1MDk5Mg==,6,digital-service | digital-modernization,no,no,no,no,no,no,no,no,no,no,no,no,no,no,no,no
cb-344-28989974,TBIPS B.1 Business Analysts – Level 3,2024-10-30,2024-2025,Environment and Climate Change Canada,Modernization and upgrades,Request for Proposal,Expired,https://canadabuys.canada.ca/en/tender-opportunities/tender-notice/cb-344-28989974,4,application-modernization,no,no,no,no,no,no,no,no,no,no,no,no,no,no,no,no
cb-664-84682009,Sharepoint Migration Works,2024-10-30,2024-2025,Canadian Space Agency,Custom application development,Request for Proposal,Expired,https://canadabuys.canada.ca/en/tender-opportunities/tender-notice/cb-664-84682009,12,develop-system,no,no,no,no,no,no,no,no,no,no,no,no,no,no,no,no
cb-910-40645883,Agriculture and Agri-Food Canada Application Development and Testing Services,2024-10-17,2024-2025,Agriculture and Agri-Food Canada,Custom application development,RFP against Supply Arrangement,Expired,https://canadabuys.canada.ca/en/tender-opportunities/tender-notice/cb-910-40645883,16,application-development,yes,no,no,no,no,no,no,yes,no,no,no,no,no,no,no,no
cb-386-54992294,REQUEST FOR INFORMATION (RFI) : WAYFINDER NAVIGATION SYSTEM,2024-10-11,2024-2025,Employment and Social Development Canada,Custom application development,Request for Information,Expired,https://canadabuys.canada.ca/en/tender-opportunities/tender-notice/cb-386-54992294,4,mobile-application,no,no,no,no,no,no,yes,no,no,no,no,no,no,no,no,no
cb-196-95903322,Geomatics technical services for the support and maintenance of the Indigenous Services Canada’s Geospatial Data Infrastructure,2024-10-09,2024-2025,Indigenous Services Canada,Development and support,RFP against Supply Arrangement,Expired,https://canadabuys.canada.ca/en/tender-opportunities/tender-notice/cb-196-95903322,4,system-development,no,no,no,no,no,no,yes,no,yes,no,no,no,no,no,no,no
cb-424-90682932,"Digital Platform for Tracking, Monitoring, and Reporting of Embodied Carbon in Construction",2024-10-02,2024-2025,"Housing, Infrastructure and Communities of Canada",Web and digital services,Request for Information,Expired,https://canadabuys.canada.ca/en/tender-opportunities/tender-notice/cb-424-90682932,16,digital-platform,no,no,no,no,no,no,no,no,no,no,no,no,no,no,no,no
cb-842-77622612,Website Design & Content Management System (CMS),2024-10-02,2024-2025,VIA HFR,Web and digital services,Request for Proposal,Expired,https://canadabuys.canada.ca/en/tender-opportunities/tender-notice/cb-842-77622612,4,develop-system,no,no,yes,no,no,no,no,no,no,no,no,no,no,no,no,no
WS4544287136-Doc4776653981,"EE520-241296-2 - Virtual Platform Development, Banc-des-Américains",2024-09-12,2024-2025,Department of Public Works and Government Services (PSPC),Custom application development,RFP against Supply Arrangement,Expired,https://discovery.ariba.com/rfx/20944235?extsite=MjA5NDQyMzVfQU4wMTQ4NDA1MDk5Mg==,12,application-development,no,no,no,no,no,no,no,no,no,no,no,no,no,no,no,no
cb-350-99879425,Integrated Investment Portfolio Solution (IIPS),2024-09-09,2024-2025,Parks Canada,Custom application development,Request for Proposal,Expired,https://canadabuys.canada.ca/en/tender-opportunities/tender-notice/cb-350-99879425,6,system-development | programmer,no,no,no,yes,no,no,yes,no,no,no,no,no,no,no,no,no
cb-773-16600894,Health Product Shortages Web and Mobile Applications,2024-09-05,2024-2025,Health Canada,Web and digital services,Request for Proposal,Expired,https://canadabuys.canada.ca/en/tender-opportunities/tender-notice/cb-773-16600894,20,mobile-application | web-application,no,no,no,yes,no,no,no,no,yes,no,no,no,yes,no,no,no
WS4668406887-Doc4668480044,EN578-232250- MyGCPay IT Professional Services,2024-08-28,2024-2025,Department of Public Works and Government Services (PSPC),Web and digital services,RFP against Supply Arrangement,Expired,https://discovery.ariba.com/rfx/20209225?extsite=MjAyMDkyMjVfQU4wMTQ4NDA1MDk5Mg==,4,web-application,no,no,no,no,no,no,no,no,no,no,no,no,no,no,no,no
cb-676-49756333,Accessibility conformance testing for Information and Communication Technologies (ICT).,2024-08-02,2024-2025,Employment and Social Development Canada,Custom application development,Request for Proposal,Expired,https://canadabuys.canada.ca/en/tender-opportunities/tender-notice/cb-676-49756333,8,web-application | mobile-application,no,no,yes,no,no,no,yes,yes,no,no,no,no,no,no,no,no
cb-388-45159385,TBIPS – DFATD Grants and Contributions Transformation Initiative (GCTI) – Application Development and Project Management Services,2024-07-30,2024-2025,Global Affairs Canada,Custom application development,Request for Proposal,Expired,https://canadabuys.canada.ca/en/tender-opportunities/tender-notice/cb-388-45159385,20,application-development | programmer | power-platform,no,no,no,no,no,yes,yes,no,no,yes,no,no,no,no,no,no
WS4544287136-Doc4574259724,"EE520-241296 - Virtual Platform Development, Banc-des-Américains",2024-07-29,2024-2025,Department of Public Works and Government Services (PSPC),Custom application development,RFP against Supply Arrangement,Expired,https://canadabuys.canada.ca/en/tender-opportunities/tender-notice/WS4544287136-Doc4574259724,12,application-development,no,no,no,no,no,no,no,no,no,no,no,no,no,no,no,no
cb-543-39511555,AFCCIS Sustainment,2024-07-23,2024-2025,Department of National Defence,Development and support,RFP against Supply Arrangement,Expired,https://canadabuys.canada.ca/en/tender-opportunities/tender-notice/cb-543-39511555,4,system-development,no,no,no,no,no,no,yes,no,yes,no,no,no,no,no,no,no
cb-72-55342923,AFCCIS DevOps,2024-07-23,2024-2025,Department of National Defence,Custom application development,RFP against Supply Arrangement,Expired,https://canadabuys.canada.ca/en/tender-opportunities/tender-notice/cb-72-55342923,6,system-development | programmer,no,no,no,no,no,no,yes,no,no,no,no,no,no,yes,no,no
cb-946-37737573,AFCCIS Capability Enhancement,2024-07-23,2024-2025,Department of National Defence,Custom application development,RFP against Supply Arrangement,Expired,https://canadabuys.canada.ca/en/tender-opportunities/tender-notice/cb-946-37737573,8,software-development | system-development,no,no,no,yes,no,no,yes,no,no,no,no,no,no,no,no,no
cb-424-5879155,On-demand Usability Testing with AT for web applicati,2024-07-22,2024-2025,Treasury Board of Canada Secretariat,Custom application development,Request for Proposal,Cancelled,https://canadabuys.canada.ca/en/tender-opportunities/tender-notice/cb-424-5879155,12,application-development,no,no,no,no,no,no,no,yes,no,no,yes,no,no,no,no,no
cb-399-92331224,"Level 3 Enterprise Architect, Level 3 Business Architect, Level 3 Information Management Architect",2024-07-12,2024-2025,Canadian Food Inspection Agency,Development and support,RFP against Supply Arrangement,Expired,https://canadabuys.canada.ca/en/tender-opportunities/tender-notice/cb-399-92331224,16,develop-system | digital-service,yes,no,no,no,no,no,no,no,yes,no,no,no,no,no,no,no
cb-569-52868587,Canadian Firearms Program,2024-07-08,2024-2025,Royal Canadian Mounted Police,Modernization and upgrades,Not Applicable,Expired,https://canadabuys.canada.ca/en/tender-opportunities/tender-notice/cb-569-52868587,4,digital-service,no,no,no,yes,no,yes,no,no,yes,no,no,no,no,no,no,no
WS4657465204-Doc4657699287,2B0KB-219754 - Indigenous Business Set-Aside for Accessibility Conformance Testing,2024-07-08,2024-2025,Department of Public Works and Government Services (PSPC),Custom application development,Request for Standing Offer,Expired,https://discovery.ariba.com/rfx/20252791?extsite=MjAyNTI3OTFfQU4wMTQ4NDA1MDk5Mg==,4,mobile-application,no,no,yes,no,no,no,no,yes,no,no,no,no,yes,no,no,no
WS4673762670-Doc4673815228,2B0KB-219754 - Open Tender For Accessibility Conformance Testing,2024-07-08,2024-2025,Department of Public Works and Government Services (PSPC),Custom application development,Request for Standing Offer,Expired,https://discovery.ariba.com/rfx/20252967?extsite=MjAyNTI5NjdfQU4wMTQ4NDA1MDk5Mg==,4,mobile-application,no,no,yes,no,no,no,no,yes,no,no,no,no,yes,no,no,no
cb-596-68214592,B.1 Business Anlayst - level 3,2024-06-11,2024-2025,DND/Digital Services Group (DSG),Custom application development,Request for Proposal,Expired,https://canadabuys.canada.ca/en/tender-opportunities/tender-notice/cb-596-68214592,4,digital-service,no,no,no,no,no,yes,no,yes,no,no,no,no,no,no,no,no
cb-746-95065612,"Software engineering work to develop real time marine transportation information, metrics and scenarios.",2024-06-07,2024-2025,Transport Canada,Custom application development,Advance Contract Award Notice,Expired,https://canadabuys.canada.ca/en/tender-opportunities/tender-notice/cb-746-95065612,16,software-engineering,no,no,yes,no,no,no,no,no,no,no,no,no,no,no,yes,no
MX-443143046957,Data and Application Modernization (DAM) Pre-Qualification Refresh List,2024-05-29,2024-2025,Farm Credit Canada (FCC),Modernization and upgrades,,Expired,https://www.merx.com/public/solicitations/2934449724/abstract?language=EN,16,application-modernization,no,no,yes,no,no,yes,yes,no,no,no,no,no,no,no,no,no
cb-921-71068910,Bid Management Platform,2024-05-27,2024-2025,Parliamentary Protective Service,Web and digital services,Request for Proposal,Expired,https://canadabuys.canada.ca/en/tender-opportunities/tender-notice/cb-921-71068910,14,develop-system | portal,no,no,yes,no,no,no,no,no,no,no,no,no,no,no,no,no
cb-17-14223032,"One (1) A.6 Programmer/Software Developer, Level 2.",2024-05-24,2024-2025,National Defence,Custom application development,RFP against Supply Arrangement,Expired,https://canadabuys.canada.ca/en/tender-opportunities/tender-notice/cb-17-14223032,14,application-design | programmer,no,no,no,yes,no,no,yes,yes,no,yes,no,no,no,no,yes,no
cb-638-91046017,Advance Contract Award Notice (ACAN) - Canada Service Coprs (CSC) Connect Digital Service Prototype,2024-05-23,2024-2025,Employment and Social Development Canada,Web and digital services,Advance Contract Award Notice,Expired,https://canadabuys.canada.ca/en/tender-opportunities/tender-notice/cb-638-91046017,16,digital-service,no,no,no,no,no,yes,no,yes,no,no,no,no,no,no,no,no
WS4585771784-Doc4587369887,DPM P3 – Professional Business Services,2024-05-23,2024-2025,Department of Public Works and Government Services (PSPC),Modernization and upgrades,RFP against Supply Arrangement,Cancelled,https://discovery.ariba.com/rfx/19724473?extsite=MTk3MjQ0NzNfQU4wMTQ4NDA1MDk5Mg==,4,digital-platform,yes,no,no,no,no,no,no,no,no,no,no,no,no,no,no,no
cb-607-66731324,Services of various IT Consultants for the Financial Consumer Agency of Canada (FCAC) in accordance with Terms and Conditions of TBIPS SA#EN578-170432/xxx/EI.,2024-05-22,2024-2025,Financial Consumer Agency of Canada,Development and support,RFP against Supply Arrangement,Expired,https://canadabuys.canada.ca/en/tender-opportunities/tender-notice/cb-607-66731324,6,system-development | programmer,yes,no,no,no,no,no,yes,no,yes,no,no,no,no,no,no,no
cb-559-96004722,BUSINESS SUPPORT RESOURCES DIGITAL PLATFORM FOR THE GRANTS AND CONTRIBUTIONS INFORMATION MANAGEMENT SYSTEM,2024-05-01,2024-2025,Infrastructure Canada,Web and digital services,RFP against Supply Arrangement,Expired,https://canadabuys.canada.ca/en/tender-opportunities/tender-notice/cb-559-96004722,16,digital-platform,yes,no,no,no,yes,no,no,yes,no,no,no,no,no,no,no,no
cb-483-1187321,Cincom VisualWorks Software engineering support,2024-04-26,2024-2025,EXPORT DEVELOPMENT CANADA (EDC),Modernization and upgrades,Advance Contract Award Notice,Expired,https://canadabuys.canada.ca/en/tender-opportunities/tender-notice/cb-483-1187321,30,software-engineering | develop-system | legacy-systems,no,no,no,no,no,no,no,no,yes,no,no,no,no,no,no,no
WS4527951776-Doc4533353615,9F054-230171 Engineering Support Services Phase III,2024-04-25,2024-2025,Department of Public Works and Government Services (PSPC),Development and support,RFP against Supply Arrangement,Expired,https://discovery.ariba.com/rfx/19519426?extsite=MTk1MTk0MjZfQU4wMTQ4NDA1MDk5Mg==,4,software-development,no,no,no,no,no,no,no,no,yes,no,no,no,no,no,no,no
cb-459-40912983,"W8474-248487: User Experience (UX), User Interface (UI) and Accessibility Testing Services",2024-04-17,2024-2025,National Defence,Custom application development,Request for Proposal,Expired,https://canadabuys.canada.ca/en/tender-opportunities/tender-notice/cb-459-40912983,12,develop-system,no,no,yes,no,no,no,yes,yes,no,no,yes,no,no,no,no,no
cb-110-1839765,APPLICATION DEVELOPMENT RESOURCES – DIGITAL PLATFORM FOR THE GRANTS AND CONTRIBUTIONS INFORMATION MANAGEMENT SYSTEM,2024-04-16,2024-2025,Infrastructure Canada,Web and digital services,RFP against Supply Arrangement,Expired,https://canadabuys.canada.ca/en/tender-opportunities/tender-notice/cb-110-1839765,32,application-development | digital-platform,yes,no,no,no,yes,no,no,no,yes,no,no,no,no,no,no,no
WS4530821977-Doc4530863177,Part 1 to 8 - RFP - M7594-240711_A – Canadian Firearms Digital Services Solution (CFDSS) project,2024-04-11,2024-2025,Department of Public Works and Government Services (PSPC),Custom application development,RFP against Supply Arrangement,Expired,https://discovery.ariba.com/rfx/19375538?extsite=MTkzNzU1MzhfQU4wMTQ4NDA1MDk5Mg==,16,digital-service,no,no,no,no,no,no,no,no,no,no,no,no,no,no,no,no
